{"cameraMode":{"drawMode":0,"name":"Shaded","section":"Shading Mode"},"sceneLighting":true,"audioPlay":false,"sceneViewState":{"showFog":true,"showMaterialUpdate":false,"showSkybox":false,"showFlares":true,"showImageEffects":true,"showParticleSystems":true},"in2DMode":false,"pivot":{"x":96.6051025390625,"y":-295.8627014160156,"z":188.21160888671876},"rotation":{"x":-0.3084065616130829,"y":-0.4477461278438568,"z":0.1679256111383438,"w":-0.822323203086853},"size":461.7917785644531,"orthographic":false}