{"cameraMode":{"drawMode":0,"name":"Shaded","section":"Shading Mode"},"sceneLighting":false,"audioPlay":false,"sceneViewState":{"showFog":true,"showMaterialUpdate":false,"showSkybox":false,"showFlares":true,"showImageEffects":true,"showParticleSystems":true},"in2DMode":false,"pivot":{"x":16.53009605407715,"y":-268.7596130371094,"z":506.89410400390627},"rotation":{"x":0.22443610429763795,"y":0.24087642133235932,"z":-0.05717118829488754,"w":0.9425845146179199},"size":652.5713500976563,"orthographic":false}