{"cameraMode":{"drawMode":0,"name":"Shaded","section":"Shading Mode"},"sceneLighting":false,"audioPlay":false,"sceneViewState":{"showFog":true,"showMaterialUpdate":false,"showSkybox":false,"showFlares":true,"showImageEffects":true,"showParticleSystems":true},"in2DMode":false,"pivot":{"x":194.59356689453126,"y":0.7596727013587952,"z":2.8600568771362306},"rotation":{"x":0.29773879051208498,"y":0.26948148012161257,"z":-0.08779613673686981,"w":0.9116712212562561},"size":8.28199577331543,"orthographic":false}